{
  "results": [
    {
      "batch_size": 128,
      "samples_processed": 1000,
      "successful_batches": 8,
      "total_time": 6.772942543029785,
      "throughput_samples_sec": 147.6463137915036,
      "baseline_allocated_gb": 0.24573707580566406,
      "baseline_reserved_gb": 0.25390625,
      "peak_allocated_gb": 0.24573707580566406,
      "peak_reserved_gb": 0.294921875,
      "memory_allocated_used_gb": 0.0,
      "memory_reserved_used_gb": 0.041015625,
      "max_memory_gb": 0.25390625,
      "avg_batch_time": 0.8463770747184753,
      "min_batch_time": 0.6152713298797607,
      "max_batch_time": 1.308565378189087,
      "batch_time_variance": 0.6932940483093262,
      "gpu_utilization_percent": 1.8548545597484276,
      "samples_per_gb_allocated": Infinity,
      "samples_per_gb_reserved": 24380.95238095238,
      "success_rate": 1.0,
      "avg_samples_per_batch": 125.0,
      "batch_processing_efficiency": 151.23282969659329
    },
    {
      "batch_size": 256,
      "samples_processed": 1000,
      "successful_batches": 4,
      "total_time": 5.252111911773682,
      "throughput_samples_sec": 190.39959863732068,
      "baseline_allocated_gb": 0.24573707580566406,
      "baseline_reserved_gb": 0.25390625,
      "peak_allocated_gb": 0.24573707580566406,
      "peak_reserved_gb": 0.294921875,
      "memory_allocated_used_gb": 0.0,
      "memory_reserved_used_gb": 0.041015625,
      "max_memory_gb": 0.294921875,
      "avg_batch_time": 1.312753140926361,
      "min_batch_time": 1.0702869892120361,
      "max_batch_time": 1.5647661685943604,
      "batch_time_variance": 0.4944791793823242,
      "gpu_utilization_percent": 1.8548545597484276,
      "samples_per_gb_allocated": Infinity,
      "samples_per_gb_reserved": 24380.95238095238,
      "success_rate": 1.0,
      "avg_samples_per_batch": 250.0,
      "batch_processing_efficiency": 195.0100076083995
    },
    {
      "batch_size": 384,
      "samples_processed": 1000,
      "successful_batches": 3,
      "total_time": 4.86516261100769,
      "throughput_samples_sec": 205.54297563198537,
      "baseline_allocated_gb": 0.24573707580566406,
      "baseline_reserved_gb": 0.25390625,
      "peak_allocated_gb": 0.24573707580566406,
      "peak_reserved_gb": 0.294921875,
      "memory_allocated_used_gb": 0.0,
      "memory_reserved_used_gb": 0.041015625,
      "max_memory_gb": 0.294921875,
      "avg_batch_time": 1.6214722792307537,
      "min_batch_time": 1.080686092376709,
      "max_batch_time": 2.0151166915893555,
      "batch_time_variance": 0.9344305992126465,
      "gpu_utilization_percent": 1.8548545597484276,
      "samples_per_gb_allocated": Infinity,
      "samples_per_gb_reserved": 24380.95238095238,
      "success_rate": 1.0,
      "avg_samples_per_batch": 333.3333333333333,
      "batch_processing_efficiency": 236.82180998010912
    },
    {
      "batch_size": 512,
      "samples_processed": 1000,
      "successful_batches": 2,
      "total_time": 4.8890910148620605,
      "throughput_samples_sec": 204.5369981782214,
      "baseline_allocated_gb": 0.24573707580566406,
      "baseline_reserved_gb": 0.25390625,
      "peak_allocated_gb": 0.24573707580566406,
      "peak_reserved_gb": 0.294921875,
      "memory_allocated_used_gb": 0.0,
      "memory_reserved_used_gb": 0.041015625,
      "max_memory_gb": 0.294921875,
      "avg_batch_time": 2.444292664527893,
      "min_batch_time": 2.390007257461548,
      "max_batch_time": 2.4985780715942383,
      "batch_time_variance": 0.10857081413269043,
      "gpu_utilization_percent": 1.8548545597484276,
      "samples_per_gb_allocated": Infinity,
      "samples_per_gb_reserved": 24380.95238095238,
      "success_rate": 1.0,
      "avg_samples_per_batch": 500.0,
      "batch_processing_efficiency": 209.46755166852782
    },
    {
      "batch_size": 768,
      "samples_processed": 1000,
      "successful_batches": 2,
      "total_time": 4.8693037033081055,
      "throughput_samples_sec": 205.36817190528092,
      "baseline_allocated_gb": 0.24573707580566406,
      "baseline_reserved_gb": 0.25390625,
      "peak_allocated_gb": 0.24573707580566406,
      "peak_reserved_gb": 0.294921875,
      "memory_allocated_used_gb": 0.0,
      "memory_reserved_used_gb": 0.041015625,
      "max_memory_gb": 0.294921875,
      "avg_batch_time": 2.434399724006653,
      "min_batch_time": 1.1359105110168457,
      "max_batch_time": 3.73288893699646,
      "batch_time_variance": 2.5969784259796143,
      "gpu_utilization_percent": 1.8548545597484276,
      "samples_per_gb_allocated": Infinity,
      "samples_per_gb_reserved": 24380.95238095238,
      "success_rate": 1.0,
      "avg_samples_per_batch": 500.0,
      "batch_processing_efficiency": 315.47818233235273
    },
    {
      "batch_size": 1024,
      "samples_processed": 1000,
      "successful_batches": 1,
      "total_time": 4.872391223907471,
      "throughput_samples_sec": 205.2380348879371,
      "baseline_allocated_gb": 0.24573707580566406,
      "baseline_reserved_gb": 0.25390625,
      "peak_allocated_gb": 0.24573707580566406,
      "peak_reserved_gb": 0.294921875,
      "memory_allocated_used_gb": 0.0,
      "memory_reserved_used_gb": 0.041015625,
      "max_memory_gb": 0.294921875,
      "avg_batch_time": 4.872156381607056,
      "min_batch_time": 4.872156381607056,
      "max_batch_time": 4.872156381607056,
      "batch_time_variance": 0.0,
      "gpu_utilization_percent": 1.8548545597484276,
      "samples_per_gb_allocated": Infinity,
      "samples_per_gb_reserved": 24380.95238095238,
      "success_rate": 1.0,
      "avg_samples_per_batch": 1000.0,
      "batch_processing_efficiency": 210.17387780608118
    },
    {
      "batch_size": 1536,
      "samples_processed": 1000,
      "successful_batches": 1,
      "total_time": 4.8971827030181885,
      "throughput_samples_sec": 204.1990386398467,
      "baseline_allocated_gb": 0.24573707580566406,
      "baseline_reserved_gb": 0.25390625,
      "peak_allocated_gb": 0.24573707580566406,
      "peak_reserved_gb": 0.294921875,
      "memory_allocated_used_gb": 0.0,
      "memory_reserved_used_gb": 0.041015625,
      "max_memory_gb": 0.294921875,
      "avg_batch_time": 4.896935224533081,
      "min_batch_time": 4.896935224533081,
      "max_batch_time": 4.896935224533081,
      "batch_time_variance": 0.0,
      "gpu_utilization_percent": 1.8548545597484276,
      "samples_per_gb_allocated": Infinity,
      "samples_per_gb_reserved": 24380.95238095238,
      "success_rate": 1.0,
      "avg_samples_per_batch": 1000.0,
      "batch_processing_efficiency": 313.665574399436
    },
    {
      "batch_size": 2048,
      "samples_processed": 1000,
      "successful_batches": 1,
      "total_time": 4.8814377784729,
      "throughput_samples_sec": 204.85767623833937,
      "baseline_allocated_gb": 0.24573707580566406,
      "baseline_reserved_gb": 0.25390625,
      "peak_allocated_gb": 0.24573707580566406,
      "peak_reserved_gb": 0.294921875,
      "memory_allocated_used_gb": 0.0,
      "memory_reserved_used_gb": 0.041015625,
      "max_memory_gb": 0.294921875,
      "avg_batch_time": 4.881199359893799,
      "min_batch_time": 4.881199359893799,
      "max_batch_time": 4.881199359893799,
      "batch_time_variance": 0.0,
      "gpu_utilization_percent": 1.8548545597484276,
      "samples_per_gb_allocated": Infinity,
      "samples_per_gb_reserved": 24380.95238095238,
      "success_rate": 1.0,
      "avg_samples_per_batch": 1000.0,
      "batch_processing_efficiency": 419.569013473885
    }
  ],
  "peak_performance": {
    "batch_size": 384,
    "samples_processed": 1000,
    "successful_batches": 3,
    "total_time": 4.86516261100769,
    "throughput_samples_sec": 205.54297563198537,
    "baseline_allocated_gb": 0.24573707580566406,
    "baseline_reserved_gb": 0.25390625,
    "peak_allocated_gb": 0.24573707580566406,
    "peak_reserved_gb": 0.294921875,
    "memory_allocated_used_gb": 0.0,
    "memory_reserved_used_gb": 0.041015625,